{
  "project_info": {
    "project_number": "924293057813",
    "project_id": "login-register-firebase-f1d3c",
    "storage_bucket": "login-register-firebase-f1d3c.appspot.com"
  },
  "client": [
    {
      "client_info": {
        "mobilesdk_app_id": "1:924293057813:android:9d7dbd5fcc84244945ad1c",
        "android_client_info": {
          "package_name": "com.example.firebaseauthentication"
        }
      },
      "oauth_client": [
        {
          "client_id": "924293057813-l10l5so3gdotonldjpbmitnir0s3ktmd.apps.googleusercontent.com",
          "client_type": 3
        }
      ],
      "api_key": [
        {
          "current_key": "AIzaSyBvTG6Tw6Q4EJT8PsMYscSjVUfG-lkSpw0"
        }
      ],
      "services": {
        "appinvite_service": {
          "other_platform_oauth_client": [
            {
              "client_id": "924293057813-l10l5so3gdotonldjpbmitnir0s3ktmd.apps.googleusercontent.com",
              "client_type": 3
            }
          ]
        }
      }
    }
  ],
  "configuration_version": "1"
}